date,views,unique_visitors_daily,views_status,clones,unique_cloners_daily,clones_status,commits,stars_added,stars_current_cumulative,forks_added,forks_current_cumulative,release_downloads_tracked_cumulative
2026-06-29,,,not_tracked,,,not_tracked,1,,,,,
2026-06-30,,,not_tracked,,,not_tracked,6,2,2,1,1,
2026-07-01,,,not_tracked,,,not_tracked,5,2,4,0,1,
2026-07-02,,,not_tracked,,,not_tracked,8,0,4,1,2,
2026-07-03,,,not_tracked,,,not_tracked,3,9,13,1,3,
2026-07-04,,,not_tracked,,,not_tracked,3,0,13,0,3,
2026-07-05,,,not_tracked,,,not_tracked,9,1,14,0,3,
2026-07-06,,,not_tracked,,,not_tracked,6,0,14,0,3,
2026-07-07,,,not_tracked,,,not_tracked,,0,14,0,3,
2026-07-08,,,not_tracked,,,not_tracked,,1,15,1,4,
2026-07-09,,,not_tracked,,,not_tracked,1,1,16,0,4,
2026-07-10,,,not_tracked,,,not_tracked,1,0,16,0,4,
2026-07-11,,,not_tracked,,,not_tracked,5,0,16,0,4,
2026-07-12,,,not_tracked,,,not_tracked,,0,16,0,4,
2026-07-13,,,not_tracked,,,not_tracked,,0,16,0,4,
2026-07-14,,,not_tracked,,,not_tracked,1,1,17,0,4,
2026-07-15,,,not_tracked,,,not_tracked,,,,0,4,
2026-07-16,,,not_tracked,,,not_tracked,,,,0,4,
2026-07-17,,,not_tracked,,,not_tracked,,,,0,4,
2026-07-18,,,not_tracked,,,not_tracked,2,,,0,4,
2026-07-19,,,not_tracked,,,not_tracked,,,,0,4,
2026-07-20,,,not_tracked,,,not_tracked,,,,0,4,
2026-07-21,,,not_tracked,,,not_tracked,1,,,0,4,
2026-07-22,,,not_tracked,,,not_tracked,,,,0,4,
2026-07-23,,,not_tracked,,,not_tracked,,,,0,4,
2026-07-24,,,not_tracked,,,not_tracked,,,,0,4,
2026-07-25,,,not_tracked,,,not_tracked,,,,0,4,
2026-07-26,,,not_tracked,,,not_tracked,,,,0,4,
2026-07-27,,,not_tracked,,,not_tracked,,,,0,4,
2026-07-28,,,not_tracked,,,not_tracked,,,,0,4,
2026-07-29,,,unrecoverable,,,unrecoverable,,,,0,4,
2026-07-30,,,pending,,,pending,1,,,0,4,
2026-07-31,,,pending,,,pending,,,,0,4,
2026-08-01,,,pending,,,pending,,,,0,4,
2026-08-02,,,pending,,,pending,4,,,0,4,
2026-08-03,,,pending,,,pending,,,,0,4,
2026-08-04,,,pending,,,pending,1,,,1,5,
2026-08-05,,,pending,,,pending,1,,,,,
2026-08-06,,,pending,,,pending,,,,,,
2026-08-07,,,pending,,,pending,,,,,,
2026-08-08,,,pending,,,pending,,,,,,
2026-08-09,,,pending,,,pending,,,,,,
2026-08-10,,,pending,,,pending,2,,,,,
2026-08-11,,,pending,,,pending,4,,,,,0
2026-08-12,,,pending,,,pending,,,,,,0
